productid,brand,name,price,category,description,comment_count,rating_score
815909040,Melek Ana,Kids Çocuklar için,389 TL,Gıda ve İçecek,"Özel Kakaolu, Arı sütlü, Vitaminli, İştah Açıcı, Kilo-Aldırıcı, Macun 2li Set",578,5.0
37808818,kb köyceğiz yöresel,Karadut,290 TL,Gıda ve İçecek,Özü 1000 G,27224,4.8
829692875,Setamell,Kilo Aldırıcı Iştah,374 TL,Gıda ve İçecek,Açıcı ( Çikolata Aromalı Toz ),141,5.0
279296582,Antebella,Antep Fıstık,185 TL,Gıda ve İçecek,Kreması 200 gr,393,4.7
829926931,DOREE BEAUTE,Kilo aldırıcı,305 TL,Gıda ve İçecek,iştah açıcı çikolata aromalı toz 230 gr,324,5.0
740791254,Caffe Del Bello,Nikaragua,110 TL,Gıda ve İçecek,Filtre Kahve 250 Gr. (ÇEKİRDEK VEYA ÖĞÜTÜLMÜŞ),13,5.0
830430088,DOREE BEAUTE,Detox yardımcı,270 TL,Gıda ve İçecek,bitkisel çay 1 li sets,198,5.0
753287355,Alsancak Kuru Kahvecisi 1967'den Beri,,385 TL,Gıda ve İçecek,Orta Kavrulmuş Türk Kahvesi 12’li 100gr,14,4.7
266254989,Matcha Premium Japanese,,258 TL,Gıda ve İçecek,Premium Japanese Çilek Aromalı Detox Burner Form Matcha Çayı 1 Kutu,6458,4.4
444047020,Addis Ababa Coffee,Lemmu,319 TL,Gıda ve İçecek,"Blend Filtre Kahve, Espresso Kahve, Çekirdek Kahve 1000 Gr.",2461,4.4
712245449,Zühre Ana,Karadut Özü 670 Gr,"219,90 TL",Gıda ve İçecek,,46955,4.6
829616962,SHEBY'S,Çıtır Çıtır Kadayıflı,920 TL,Gıda ve İçecek,Künefe Gerçek Dubaı Çikolatası 2’li,9,4.8
750099572,MOMORDİCA,DetoxMix - 250 ml,"269,90 TL",Gıda ve İçecek,,11215,4.5
807727291,Viejo,Kilo Vermeye ve Ödem,429 TL,Gıda ve İçecek,Atmaya Yardımcı Resveratrol İçeren Mozambique Kahvesi,1893,4.2
830430329,DOREE BEAUTE,Detox yardımcı,370 TL,Gıda ve İçecek,bitkisel çay 2 li set,150,5.0
802679116,Nutriful,İbni Sina,249 TL,Gıda ve İçecek,Sirkengebin Prebiyotik Detox Sirkesi,163,4.1
678869596,ESİLAM,Kinoa Cay Zayıflama,296 TL,Gıda ve İçecek,Destekleyici Bitkisel Çay 2 Li Set,3157,4.9
834385992,PERTEK,Tunceli Dut,180 TL,Gıda ve İçecek,Pekmezi-İlave Şeker İçermez,0,
796088323,Zühre Ana,Bromelain Ananas,"219,90 TL",Gıda ve İçecek,İçeren Detox Şurubu,8767,4.4
828959931,SHEBY'S,Çıtır Çıtır Kadayıflı,490 TL,Gıda ve İçecek,Künefe Gerçek Dubaı Çikolatası,21,4.5
106814040,FORX5,- 3qr 30.şaseli -,565 TL,Gıda ve İçecek,Coffee,15302,4.3
112458875,Feridun Kunak,3 Adet - Detoxs,679 TL,Gıda ve İçecek,Çayı 90 Günlük Kullanım 450g,1833,4.3
103961756,Feridun Kunak,Detoxs Karışık,298 TL,Gıda ve İçecek,Bitki Detoks Çayı 5gr X 30 Günlük,18057,
67995802,Züber,Meyveli Bar Deneme,"251,35 TL",Gıda ve İçecek,Paketi 40g X 12 Adet,11212,4.7
176804799,Seed'n Grains,Glutensiz,"44,63 TL",Gıda ve İçecek,Karabuğday Patlağı 125 gr,1783,4.7
696202599,Mahbuba,Hindiba Kahvesi Kilo,283 TL,Gıda ve İçecek,Vermeye Ödem Atmaya Yardımcı Detox Diyet Zayıflama 1 Aylık Kullanım 60x2gr,10708,4.3
125038067,Lifecoffee,"Kahve Diyeti ,","206,66 TL",Gıda ve İçecek,"Hindiba Kahvesi , Detox Kahve , 150 gram , Diyet Kahve",2634,4.6
3990495,Tchibo,Profesional Espresso,388 TL,Gıda ve İçecek,Çekirdek Kahve 1kg,10019,4.7
740788349,Caffe Del Bello,Espresso,400 TL,Gıda ve İçecek,Special Blend 1 Kg. (ÇEKİRDEK VEYA ÖĞÜTÜLMÜŞ),11,5.0
239767731,Elvan,Today Kruvasan,"135,99 TL",Gıda ve İçecek,Çikolatalı 40 Gr. 20 Adet (1 Kutu),18534,4.7
127171444,Wefood,Organik Elma Sirkesi,"224,90 TL",Gıda ve İçecek,500 ml,2138,4.8
790480113,Zühre Ana,Karadut Özü 2 Adet,"349,90 TL",Gıda ve İçecek,670 gr,810,4.6
158535269,Züber,%100 Fıstık Ezmesi,"135,50 TL",Gıda ve İçecek,315gr,386,4.5
42720773,Kahve Dünyası,Orta Kavrulmuş,"127,90 TL",Gıda ve İçecek,Türk Kahvesi 100 Gr (4'lü Paket) Orta Kavrulmuş Türk Kahvesi 100 Gr (4'lü Paket),3536,4.8
475983940,Meri Detox,Tea Detoks Çayı 60,460 TL,Gıda ve İçecek,Adet 1 Aylık Kullanım,515,4.7
653532785,Narcissa,Aserola Ekstresi,399 TL,Gıda ve İçecek,içeren Karışık Bitki Tozu,22229,
811472934,Züber,Fındık Kreması Kakaolu,579 TL,Gıda ve İçecek,315 g x 3 Adet,349,4.9
817692778,DOCTAMIN,Siyah Kayısı Özü,229 TL,Gıda ve İçecek,,795,4.2
834481366,PERTEK,Beyaz Dut Unu (200 gr),150 TL,Gıda ve İçecek,,0,
791877772,Narcissa,Ödem Atmaya Yardımcı,269 TL,Gıda ve İçecek,Doğal Longan Meyvesi Detox Sirkesi 250ml,2436,4.3
154812444,Soul Kitchen Organik Ürünler,,"159,50 TL",Gıda ve İçecek,Organik Bebek Keçiboynuzu Pekmezi 380gr (SOĞUK SIKIM) (ŞEKER İLAVESİZ),539,4.8
792186344,Züber,Fındık Kreması Kakaolu,248 TL,Gıda ve İçecek,315g,2285,4.8
834407632,muros's coffee roastery,Türk,149 TL,Gıda ve İçecek,Kahvesi 250gr,0,
828916595,Matcha Premium Japanese,,"199,90 TL",Gıda ve İçecek,Çilek Aromalı Matcha Çayı,23,
239488203,Züber,Lokma Deneme Paketi 96g,"249,90 TL",Gıda ve İçecek,X 6 Adet,6081,4.7
665540894,Tuvana Bitkisel,Zayıflama,210 TL,Gıda ve İçecek,Yardımcı Bitkisel Karışımlı Detox Form Çayı,5875,4.7
168691564,Toprak Doğal,Premium,"549,90 TL",Gıda ve İçecek,Hediyelik Kutu,0,
379180974,Elvan,Maxim Crown Kakaolu,"50,99 TL",Gıda ve İçecek,Bisküvi 275 Gr. (1 Poşet),5125,4.6
810574622,Harar,Hindiba Kahvesi,"379,90 TL",Gıda ve İçecek,Zayıflama Kilo Verme Form Diyet Detox Kahve Kampanya Ile 2 Aylık (120 KULLANİM),313,4.6
33322094,Elvan,Ibon Sütlü Meyveli,"142,63 TL",Gıda ve İçecek,Şeker 1000 Gr. Silindir (1 Kutu),12724,4.8
69101837,Wefood,Karnıyarık Otu,"283,42 TL",Gıda ve İçecek,(Psyllium) Tozu 200 gr,1682,4.7
449040367,DR TAYYARÖZ,Çocuk Macunu,159 TL,Gıda ve İçecek,-kakao Propolis Pekmez Arı Sütü Bal Ve Vitamin,43550,4.6
220215484,Wefood,Karadut Özü 700 gr,"319,49 TL",Gıda ve İçecek,(Şeker İlavesiz & Soğuk Sıkım),6386,4.6
679421582,Genel Markalar,Çarşıbaşı,370 TL,Gıda ve İçecek,Sütlü Yumurtacık Bayram Çikolatası 350g,3,5.0
752686978,IRON HERBAL,IRON COFFEE 30'LU,580 TL,Gıda ve İçecek,KAHVE,18,4.6
283933531,Kuru Yeşil,Karnıyarık Otu,160 TL,Gıda ve İçecek,"(PSYLLİUM) Tozu 100 Gr, Glutensiz Organik Ürün",66,4.8
276219338,Naturawell,Formula Yoğun,249 TL,Gıda ve İçecek,Yeşil Çaylı Kinoa Çayı,1307,4.8
286152718,Gelincik,Kahvaltılık,215 TL,Gıda ve İçecek,Sürülebilir Doğal Katkısız 320gr Özel Üretim Antep Fıstığı Kreması,123,4.2
288620006,HARMANA,Hindiba Kahvesi Detox,"277,85 TL",Gıda ve İçecek,Kahve 1 Aylık - (60 KULLANIM) Net 150gr,23209,4.4
235532106,Espressolab,Pratik Filtre,179 TL,Gıda ve İçecek,Kahve - Colombia Antioquia La Claudina - 5 Adet,40,4.7
163685145,KenevirCo,Soğuk Sıkım Kenevir,322 TL,Gıda ve İçecek,Tohumu Yağı,61,4.9
87980838,KAVAKLICA ANTEPZADE,Fıstık,"167,50 TL",Gıda ve İçecek,Ezmesi (ANTEP FISTIĞI EZMESİ) Doğal Sürülebilir Net 200 G,640,4.3
828140419,UNOVA,ANTAKYA ÇİFTE KAVRULMUŞ,340 TL,Gıda ve İçecek,TÜRK KAHVESİ 1000 G,4,5.0
40574039,Matcha Premium Japanese,,215 TL,Gıda ve İçecek,Premium Japanese Toz Maça Çayı 20 X 8 G,125,4.1
803792766,Glox Tea,Metabolizma,399 TL,Gıda ve İçecek,Düzenlemeye Yardımcı Bitkisel Karışımlı Glox Detox Çay,22,4.4
806437554,GLOX,Bromelain Ekstraktı Ile,379 TL,Gıda ve İçecek,Güçlendirilmiş Metabolizma Canlandırıcı Detox Kapsülü 30 Adet,0,
796176401,Zühre Ana,Ananas Sirkesi,218 TL,Gıda ve İçecek,Doğal Fermantasyon Pineapple Vinegar 500 Ml,1795,4.6
274717174,Addis Ababa Coffee,Etiyopya,294 TL,Gıda ve İçecek,Aromalı 3 Lü Deneme Seti Filtre & Çekirdek Kahve (3 Ad. X 250 Gr. ) 750 Gr.,407,4.6
284873461,Zühre Ana,L-carnitine,225 TL,Gıda ve İçecek,Destekli Form Macunu Orijinal Hologramlı Ürün,13257,4.3
130593681,Zühre Ana,Kids Çocuklar için,"229,90 TL",Gıda ve İçecek,"Özel - Arı Sütü, Pekmez, Bal Ve Vitamin Katkılı Kakaolu Macun",63199,4.7
712277910,NORDİA,Barista No:3 Öğütülmüş,349 TL,Gıda ve İçecek,(1 KG) Filtre Kahve,42,4.6
76451368,Diox,Tea 60'lı Detoks Çayı 1,575 TL,Gıda ve İçecek,Aylık Orijinal Paket,3552,4.3
834595946,Asil,AsilCoffee Türk Kahvesi,"149,99 TL",Gıda ve İçecek,250 Gr,0,
37809484,LavAzza,Crema E Aroma,450 TL,Gıda ve İçecek,Çekirdek Kahve 1 Kg %100 Orjinal,3450,4.4
650502114,MİNERA VİTAL,Bamya Tohumu,400 TL,Gıda ve İçecek,Form Çayı 42’li,222,4.1
766135173,PHELSİUM,Hindiba Detox Kahve,329 TL,Gıda ve İçecek,Diyeti 1 aylık,938,4.1
811103457,Lokman Hekim,Bitkisel,"232,70 TL",Gıda ve İçecek,Karışımlı Macun 300 Gr,80,4.2
52242525,Deva Çiftliği,Richnut,199 TL,Gıda ve İçecek,Şekersiz %100 Saf Doğal Fıstık Ezmesi 1 Kg,12482,4.8
40148270,Wefood,Organik Keçiboynuzu,"161,51 TL",Gıda ve İçecek,Özü 315 gr (Soğuk Sıkım),6227,4.8
771955561,Zühre Ana,"Pektamin - Karadut,","199,99 TL",Gıda ve İçecek,Keçiboynuzu Ve Andız Pekmezi Karışımı ( Vitamin Takviyeli ),1338,4.7
110027252,Kerime Sultan Doğal Ürünler,,"144,95 TL",Gıda ve İçecek,Ev Yapımı Doğal Fermente Elma Sirkesi 500 gr,40,4.7
683383341,EGŞ COSMETİCS,Fit Tok Form,250 TL,Gıda ve İçecek,Çayı 50 Adet,384,
636058935,Emine türk anneli,Iğde,200 TL,Gıda ve İçecek,Çekirdeği Tozu Ilaveli Çocuk Macun 210 gr,168,4.8
447419994,DR TAYYARÖZ,Doğal Keçi,115 TL,Gıda ve İçecek,Boynuzu Pekmezi 320 Gram,20406,4.6
814545931,DR LIFE ESTHETIC,Happy Lady,318 TL,Gıda ve İçecek,Civan Perçemli Rahatlatıcı Özel Gün Bitki Çayı,28,5.0
762532807,Matcha Premium Japanese,,280 TL,Gıda ve İçecek,Premium Japanese MATCHA & BROMELAİN Limon Aromalı Detox Burner Form Çayı 1 Kutu,194,4.4
137471025,dtoxon,60 Günlük L-carnitine,490 TL,Gıda ve İçecek,Destekli Bitkisel Detox,463,4.3
72707180,Moliendo,Amalfi Espresso,140 TL,Gıda ve İçecek,Blend Kahve (ÇEKİRDEK KAHVE) 250 G,1348,4.8
468669548,Wefood,Besin Mayası 100 Gr,202 TL,Gıda ve İçecek,,434,4.8
299356355,Seed'n Grains,Rice Cake,"44,90 TL",Gıda ve İçecek,Pirinç Patlağı 135 gr,1572,4.8
834406221,muros's coffee roastery,,349 TL,Gıda ve İçecek,Dibek Türk Kahvesi 500gr,0,
52915799,Tchibo,Profesional Special,"399,99 TL",Gıda ve İçecek,Filtre Kahve 4x250gr,17546,4.7
816062971,FreshBelle,Kilo Vermeye,"199,90 TL",Gıda ve İçecek,Yardımcı Zayıflama1 Detoks Çayı 2 Li Set ( 1 Aylık ),1403,4.9
104143453,WİSHAY BEAUTY COSMETİC,,400 TL,Gıda ve İçecek,Perfect Slimming Tea,141,4.0
166784945,SEA FOOD,Seafood Sushi Yosunu,"94,94 TL",Gıda ve İçecek,Yaki Sushi Nori Gold Premium 10 Yaprak,1989,4.5
810000650,Wefood,Karadut Özü 700 gr,"624,90 TL",Gıda ve İçecek,(Soğuk Sıkım) + Wefood Organik Keçiboynuzu Özü 640 gr (Soğuk Sıkım),11,
744057896,Matcha Premium Japanese,3,440 TL,Gıda ve İçecek,Kutu Matcha Tozu Çayı Maça Çayı 3 Paket,3,4.0
822618200,NUTRIPHARMA,QUICK SLIM COFFEE,770 TL,Gıda ve İçecek,"LUX,Biyoaktif Kolajen Peptidleri,L-Karnitin,Prebiyotikli Form Kahve, 5g x 30 saşe",6,4.7
111624445,Moliendo,House Blend Filtre,140 TL,Gıda ve İçecek,Kahve (ÖĞÜTÜLMÜŞ FİLTRE KAHVE) 250 G,2229,4.7
6875653,Fermente Mutfağım,Organik,409 TL,Gıda ve İçecek,Elma Sirkesi,1333,4.8
81387220,Kahve Dünyası,4'lü Lavi,455 TL,Gıda ve İçecek,"Çikolata Seti 300g Fındık, 300g Frambuaz, 300g Bitter, 300g Sütlü Dolgulu",16882,4.8
832860472,Royale Kahve,ROME Espresso,290 TL,Gıda ve İçecek,Blend Kahve (ÇEKİRDEK KAHVE) 250 G,1,5.0
55149021,The Touch By Seda Altın,2,144 TL,Gıda ve İçecek,Adet Detox Tea,11705,4.7
6106471,Wefood,Matcha Tozu 50 gr,"170,40 TL",Gıda ve İçecek,,1094,4.4
483012824,IVORIE,Organik %100 Bitter,100 TL,Gıda ve İçecek,Çikolata Vegan 40 Gr,1,4.0
463901207,Delly,Çikolata Kaplı - Vegan,"262,80 TL",Gıda ve İçecek,Meyveli Bar - Karışık Kutu 35g X 12 Adet,764,4.8
97010141,jönx13 Brown,Brown Tea,500 TL,Gıda ve İçecek,Macha'lı Karışık Bitki Çayı 300 gr 45 Günlük Browntea Bitkisel Çay,2250,4.3
3674890,Kahve Dünyası,Orta Kavrulmuş,399 TL,Gıda ve İçecek,Türk Kahvesi 100 gr - 12'li,20116,4.7
82857788,Wefood,Organik Keçiboynuzu,"260,50 TL",Gıda ve İçecek,Özü 640 gr (Soğuk Sıkım),3015,4.6
198702202,HAVRAN KOCASEYİT,Karadut Özü,"249,90 TL",Gıda ve İçecek,1400 gr,3096,4.8
739045585,Tarihi SultanAhmet Baharatçısı,,"149,90 TL",Gıda ve İçecek,Ananas Sirkesi 500 ml (Doğal Fermente) (Özel Üretim),10,4.7
353977356,zadelife,Karadut Özü 700 gr,194 TL,Gıda ve İçecek,,2688,4.8
46534796,Anisah Coffee,Dünya Kahveleri,"589,90 TL",Gıda ve İçecek,Tanışma Seti 5'li Paket 250g (ÇEKİRDEK) | %100 Arabica | Filtre Kahve,412,4.7
745217474,ultranatura,Sandaloz Sakızlı,240 TL,Gıda ve İçecek,Kitreli Elma Sirkesi - 500ml,386,4.6
806106373,Gülçehre,Yörem Afyon Meşhur,"81,51 TL",Gıda ve İçecek,"Erzincan Karabaş Otu, Keşiş Otu, Gargan | 40gr.",3,5.0
49226069,Zühre Ana,Kozalak Macunu -,"199,90 TL",Gıda ve İçecek,Çam Kozalağı Macunu Hologramlı Ürün,48930,4.7
798898138,FoodNut,%100 Şekersiz Sporcu,349 TL,Gıda ve İçecek,Dostu Fıstık Ezmesi 2 Li %100 Şekersiz Yer Fıstığı Ezmesi 2 Kg,189,4.5
768362205,FORX5,Iştah Açıcı- Magıc Mılk,675 TL,Gıda ve İçecek,,68,4.6
66498559,Sade Organik,Organik Alıç,"242,40 TL",Gıda ve İçecek,Sirkesi 500 ml Organik Elma Sirkesi 500 ml,97,4.8
686024515,FUNBODY,Ananaslı Elma & Alıç,"229,90 TL",Gıda ve İçecek,Sirkesi,662,4.4
101684087,Minecal,Doğal Fermente Elma,"173,72 TL",Gıda ve İçecek,Sirkesi 2x500ml,20,4.3
747500948,HARMANA,2 Adet Hindiba,539 TL,Gıda ve İçecek,Kahvesi Detox Kahve 2x 150 gr,1965,4.5
38807877,Anisah Coffee,Bolivar Koyu,"359,90 TL",Gıda ve İçecek,Kavrulmuş (DARK ROAST) Espresso Blend Çekirdek Kahve 1000g | Dolgun Gövde-dengeli Tat,3896,4.6
212940199,Ocean,Orzax Ocean ExtraMag,288 TL,Gıda ve İçecek,Üçlü Kombinasyon Magnezyum Takviye Edici Gıda 30 Tablet,96,4.7
815180318,LİBİDOS,Etkili Bitkisel,"328,99 TL",Gıda ve İçecek,Karışım Macun 12 gr *12 Adet,12,
2946176,Mehmet Efendi,Kurukahveci 100,"1.058,75 TL",Gıda ve İçecek,gr 25'li Paket Türk Kahvesi,11786,4.8
666071948,RAWMYGOD,"Glutensiz Elmalı,",139 TL,Gıda ve İçecek,Badem Ezmeli Kuruyemiş Ve Meyve Topları 3'lü Paket 84g X 3 Paket,26,4.7
55413395,Kahve Dünyası,4'lü Filtre,"331,95 TL",Gıda ve İçecek,Kahve,8762,4.7
258623270,KOFFIEBOON,/ 1 Kg /,"399,99 TL",Gıda ve İçecek,Restaurant - Cafe Series / Z-13 / Wholesale Pack / Kavrulmuş Kahve,1461,4.4
760559900,MRS.UMRANTOO,Karahindiba,"403,90 TL",Gıda ve İçecek,Detox Kahve 30 Saşe,8087,4.2
766523104,Alsancak Kuru Kahvecisi 1967'den Beri,,359 TL,Gıda ve İçecek,Orta Kavrulmuş Türk Kahvesi 100gr x 10 Adet,10,5.0
683815635,Züber,Granola Bar Deneme,"196,50 TL",Gıda ve İçecek,Paketi,3196,4.7
44867039,KOFFIEBOON,Puro Italiano - 1,"549,99 TL",Gıda ve İçecek,Kg - Çekirdek Kahve / Orta Kavrulmuş / Filtre Kahve Harmanı / Öğütülmemiş /,273,4.5
333139231,Coreganic,Zencefil & Limon,189 TL,Gıda ve İçecek,Özü,1623,4.5
265660655,Fermente Mutfağım,Pancar,"242,50 TL",Gıda ve İçecek,Kvass (KIRMIZI PANCAR SUYU) 500 ml,39,4.4
740891790,Zühre Ana,Hurma Özü 350 Gr,"219,90 TL",Gıda ve İçecek,,2662,4.4
130323853,BEYORGANİK,Organik Bey Tonik,201 TL,Gıda ve İçecek,(zerdeçallı-zencefilli) Bey Tonik 185gr,3059,4.6
332020956,Meri Detox,1 Adet Detox,400 TL,Gıda ve İçecek,Kapsül 30'lu,1133,4.5
142487909,Züber,Orıgınal Fıstık Ezmesi,"126,95 TL",Gıda ve İçecek,315g,306,4.6
736409607,KARNA LİFE,Kozalak Şurubu 500,198 TL,Gıda ve İçecek,ml,22,4.4
683042821,Meri Detox,Tea Detoks Çayı 60,460 TL,Gıda ve İçecek,Adet 1 Aylik Kullanim-,1833,4.6
740789925,Caffe Del Bello,Guetemala,400 TL,Gıda ve İçecek,Filtre Kahve 1 Kg. (ÇEKİRDEK VEYA ÖĞÜTÜLMÜŞ),3,5.0
830430374,DOREE BEAUTE,Detox yardımcı,480 TL,Gıda ve İçecek,bitkisel çay 3 li sets,88,5.0
89459992,Dozze,Fit Filtre Kahve 250 gr,199 TL,Gıda ve İçecek,( Yeni Formül ),41,4.5
47162073,Herby,Sleep Tea Uyku Öncesi,"175,90 TL",Gıda ve İçecek,Rahatlatıcı Pasifloralı Bitki Çayı 2'li Paket,193,4.5
276033784,Antebella,Antep Fıstık Ezmesi,350 TL,Gıda ve İçecek,(PARÇACIKLI) 200 gr,374,4.6
831341700,MELADES,"Kakaolu, Vitaminli",249 TL,Gıda ve İçecek,Arı Sütlü Iştah Açıcı - Kilo Aldırıcı Bitkisel Macun,188,4.9
236894212,OG natural,Organik,"192,59 TL",Gıda ve İçecek,Keçiboynuzu Pekmezi +6 Ay 300 Gr,672,4.8
82392040,wiltlife,Detox,535 TL,Gıda ve İçecek,,1708,4.3
346094913,Zühre Ana,Kozalak Şurubu,238 TL,Gıda ve İçecek,Servi Kozalağı Ve Kara Mürver Içeren Şurup 650 Ml,7659,4.6
834407073,muros's coffee roastery,,195 TL,Gıda ve İçecek,MUROS'S COFFEE ÖĞÜTÜLMÜŞ FİLTRE KAHVE GUATEMALA 250GR,0,
138779958,minceur,Nar Çiçekli Karışık,579 TL,Gıda ve İçecek,Bitkisel Zayıflamaçayı 200gr 8682923978615,411,
798154773,Züber,Kidz Meyve Küpü Deneme,111 TL,Gıda ve İçecek,Paketi 49g X 3 Adet,197,4.5
795163368,Luga,Karadut Özü 700 gr Black,"124,90 TL",Gıda ve İçecek,Mulberry Extract,91,4.5
270956470,Wefood,Organik Tahin 300 gr,450 TL,Gıda ve İçecek,3'lü Yerli Susam,54,4.7
784253924,Muwest Naturel,Detoxmix Kilo,269 TL,Gıda ve İçecek,Vermeye Ödem Atmaya Yardımcı Detoks Suyu Detox,77,
303622338,STAYFİT,Bromelain Ekstreli 45,449 TL,Gıda ve İçecek,Günlük Detox Tea 280 gr,319,4.0
141018766,Elisa Gıda,Midi Sushi Set /,"299,90 TL",Gıda ve İçecek,Suşi Seti,2050,4.7
834596970,Asil,AsilCoffee 1. Kalite,299 TL,Gıda ve İçecek,Premium Çekirdek Kahve 250 Gr,0,
200345623,FIORELLA,La Truffa Sütlü 200,"56,99 TL",Gıda ve İçecek,Gr. (1 Paket),6520,4.5
799996160,GLOX,Tea Bromelain,399 TL,Gıda ve İçecek,Metabolizma Düzenlemeye Yardımcı Bitkisel Çay,325,4.9
130559824,Züber,Fıstık Ezmesi 3 Adet X,"345,80 TL",Gıda ve İçecek,315 gr,23616,4.6
380615700,Hepsi Enteresan,Canım,"384,90 TL",Gıda ve İçecek,"Öğretmenim Seni Sevmemin 30 Nedeni, Öğretmenler Günü, Öğretmene Hediye",22,4.7
788858071,Tchibo,Gold Selection,"379,90 TL",Gıda ve İçecek,Öğütülmüş Filtre Kahve 4x250 gr,10361,4.8
780256333,Gelincik,5 Kg Antep Fıstığı,3.599 TL,Gıda ve İçecek,Kreması,2,5.0
809996518,Wefood,Karadut Özü 700 gr,716 TL,Gıda ve İçecek,(Soğuk Sıkım) 4'lü,1,
34585010,Tchibo,Barista Caffè Crema,"699,90 TL",Gıda ve İçecek,Çekirdek Kahve 1000 g,3852,4.8
154812500,Soul Kitchen Organik Ürünler,,"157,50 TL",Gıda ve İçecek,Organik Bebek Keçiboynuzu Özü 315gr-(SOĞUK SIKIM) (ŞEKER İLAVESİZ),300,4.8
751586695,Şifamix,Detox Plus 1 Aylık,320 TL,Gıda ve İçecek,Kahve Diyeti,2011,4.4
827846389,UNOVA,Türk Kahvesi 2kg,620 TL,Gıda ve İçecek,,4,5.0
46533312,Anisah Coffee,Kenya %100,"119,90 TL",Gıda ve İçecek,Arabica Premium Öğütülmüş Filtre Kahve 250g | Orta Kavrulmuş (MEDİUM ROAST),69,4.6
79754602,Kahve Dünyası,"Lavi Fıstıklı,",140 TL,Gıda ve İçecek,Sütlü Dolgulu Çikolata 300g,10888,4.8
796867128,Dr. Bronos,Form Detoks,"227,90 TL",Gıda ve İçecek,Sirkesi 500ml-%100 Doğal - Diyete Destek - Ödem Atmaya Yardımcı,4,5.0
829926314,DOREE BEAUTE,Çocuk macunu,245 TL,Gıda ve İçecek,-kakao propolis pekmez arı sütü bal ve vitamin 240 gr,216,5.0
834595947,Asil,AsilCoffee Türk Kahvesi,"69,99 TL",Gıda ve İçecek,100 Gr,0,
37634572,Jacobs,Selection Filtre Kahve,"349,90 TL",Gıda ve İçecek,250 gr 4 Al 3 Öde,4128,4.8
322267032,Kuru Yeşil,Ham Kakao Tozu 150,178 TL,Gıda ve İçecek,"Gr | Ham Kakao | Glutensiz | Katkı Yok, Doğal",11,4.6
687819746,DYT MEHTAP YAKUT,Form Çayı,389 TL,Gıda ve İçecek,,1157,4.3
353977183,zadelife,Yaban Mersini Özü,204 TL,Gıda ve İçecek,700 gr,2608,4.7
828146585,UNOVA,%100 Arabica Kenya,540 TL,Gıda ve İçecek,Filtre Kahve 1 Kg,2,5.0
121263364,Genel Markalar,Long Island –,"242,80 TL",Gıda ve İçecek,Şeftali Ve Güllü Siyah-yeşil Çay - 12 Müslin Çay Poşeti,37,4.7
6129092,Moliendo,Amalfi Espresso,491 TL,Gıda ve İçecek,Blend Kahve (ÇEKİRDEK KAHVE) 1000 G,1034,4.8
102270121,Minecal,Doğal Fermente,"185,91 TL",Gıda ve İçecek,Enginar Sirkesi 2x500ml,29,4.7
192191272,HAVRAN KOCASEYİT,Yaban,"209,90 TL",Gıda ve İçecek,Mersini 700 gr,607,4.6
31756923,Atasagun Şifa,Matcha Detox,190 TL,Gıda ve İçecek,Toz 20'li,22,4.0
790292890,SHOPINGTR,Berrie's® Karadut,"319,99 TL",Gıda ve İçecek,Özü & Yaban Mersini Özü,19,5.0
105199371,Elvan,Choc Choc 500 Gr. (1,"103,99 TL",Gıda ve İçecek,Kutu),3104,4.5
312410815,Dagk,Gold Kahve 180 gr,"199,50 TL",Gıda ve İçecek,(GRANÜL ÇÖZÜNEBİLİR),174,4.7
811629792,Farex,50'lijel Zayiflama.,395 TL,Gıda ve İçecek,"Destek, Kilo Verdiricinz, Ödem Atıcı Detoks Detox Yardım Bitki Çayı Etkisi Happy",104,5.0
712285713,NORDİA,Barista No:3 Çekirdek,339 TL,Gıda ve İçecek,(1 KG) Filtre Kahve,120,4.7
702193523,ApAyrı Yaşam,Kilo Verme Ve,325 TL,Gıda ve İçecek,"Boşaltıma Yardımcı, Ödem, Gaz, Şişkinlik Giderici Bio Detoks Form Çayı Apaform",1780,4.6
744359419,Collagen Life,Kolajen,"232,90 TL",Gıda ve İçecek,İçerikli Çikolata Aromalı Kilo Almaya Ve İştah Açmaya Yardımcı Toz,68,
818433679,NOVACOLIN,Detox Classic,400 TL,Gıda ve İçecek,Coffee 30 Sachet,0,
796179513,Zühre Ana,Elma Sirkesi Doğal,218 TL,Gıda ve İçecek,Fermantasyon Apple Cider Vinegar 500 Ml,365,4.7
698647833,Güzel Ada Gıda,Organik Elma,"203,99 TL",Gıda ve İçecek,Sirkesi 500 Ml,71,4.8
829011663,Bebeğimin Marketi,Ananas,215 TL,Gıda ve İçecek,Sİrkesi 500 ml,0,
825078371,BİOREAL,"Kakaolu, Pekmez, Arı",240 TL,Gıda ve İçecek,"Sütü, Bal, Ve Vitamin, Iştah,açıcı Kilo Aldırıcı, Organik Macun",511,5.0
771877311,Ergi Çiftliği,Katkısız %100,219 TL,Gıda ve İçecek,Nar Ekşisi 330 gr,61,4.9
224808037,Fondante,Sütlü Fondan 200 Gr.,"49,99 TL",Gıda ve İçecek,(1 Paket),3294,4.7
140456982,Mcnuss,Içi Dolgulu Hurma,200 TL,Gıda ve İçecek,Topları Deneme Paketi 80 Gr X 6 Paket,197,4.3
743144128,Fellas,Meyve Bar 35g Karma,"168,95 TL",Gıda ve İçecek,Kutu 12 Adet (4 Çeşit),1599,4.7
45998815,DETOKSFİT,Detoksfit (30,369 TL,Gıda ve İçecek,Servis),420,4.1
221312301,DOGALBAX,Ile Kilo Al 250 Gr,579 TL,Gıda ve İçecek,,290,
244999069,Organik Teyze,Sevinç Teyze,"99,99 TL",Gıda ve İçecek,Karabaş Otu 40g (LAVANDULA STOECHAS),51,4.5
82504494,KOCATEPE KAHVE,Kocatepe Türk,"329,90 TL",Gıda ve İçecek,Kahvesi 100 Gr Folyo 12'li Paket,896,4.7
121205301,TEA CO,My Name Is Lady T -,"211,34 TL",Gıda ve İçecek,Çilek Ve Ananaslı Beyaz Çay Müslin Çay Poşeti,207,4.5
682779740,HARMANA,Guarana Özlü Premium,299 TL,Gıda ve İçecek,Detox Tea 2 Aylık Kullanım 150 Gr,3164,4.2
342466101,Hilay,Sürülebilir Antep,439 TL,Gıda ve İçecek,Fıstığı Ezmesi 320gr,27,4.7
50899888,Frapella,Antep Fıstık Kreması,"124,89 TL",Gıda ve İçecek,220 Gr.,203,4.2
3666420,Hayfene,Nar Ekşisi - 250 ml,"204,04 TL",Gıda ve İçecek,,268,4.9
95325496,Abdurrahman Tatlıcı,Tadıbu,"341,90 TL",Gıda ve İçecek,Kakaolu Fındık Ezme 330 G *3 Ad,14320,4.8
775248523,KARNA LİFE,Kudret Narlı Macun,239 TL,Gıda ve İçecek,"- Bal, Polen Ve Kantaronlu 400 gr",17,4.7
158282412,Züber,Kakaolu Fıstık Ezmesi,"133,25 TL",Gıda ve İçecek,315gr,391,4.4
774369900,Rawsome,Yüksek Proteinli Bar,329 TL,Gıda ve İçecek,Paketi Glutensiz Ve Vegan 14 Bar,31,4.7
221633119,Mim and More,Strawberry,"108,14 TL",Gıda ve İçecek,Matcha - Çilekli Matcha 25 gr,358,4.7
780591048,Meri Detox,Meri Tea Detoks,460 TL,Gıda ve İçecek,Çayı 60 Adet 1 Aylik Kullanim Meridetoxform,2,5.0
47457717,Elvan,My World Mix 8 Gr.,"199,90 TL",Gıda ve İçecek,100lü (1 KUTU),8022,4.5
824409209,Rawsome,Mucizevi Kurutulmuş,115 TL,Gıda ve İçecek,Aronia,0,
817886786,Lokman Hekim,Harem Macunu 260,"369,97 TL",Gıda ve İçecek,gr Ginsengli Bitkisel Pekmez Karışımlı Macun,25,4.4
804797476,Caffe Del Bello,Öğütülmüş,400 TL,Gıda ve İçecek,Taze Çekim Türk Kahvesi 1 Kg,7,4.6
750335528,I am a plant,Glutensiz,"457,39 TL",Gıda ve İçecek,Kakaolu Pirinç Patlağı Sağlıklı Atıştırmalık 482 gr,1,5.0
57640888,BEYORGANİK,Organik Muhallebi,"285,12 TL",Gıda ve İçecek,Karışımı Ve Bebek Tarhanası Paketi 2'li,22,4.6
32676437,Eti,Lifalif Bitter Çikolatalı,144 TL,Gıda ve İçecek,Yulaf Bar 35 g x 12 Adet,761,4.8
466453791,Hilay,Sürülebilir Antep,780 TL,Gıda ve İçecek,Fısıtğı Ezmesi Avantajlı Paket 2x320 Gr,4,4.2
741673151,MOGİDA,Diyet Mamül Şekersiz,"121,23 TL",Gıda ve İçecek,Atıştırmalık 1 Kutu = 12 Adet Hurmalı Mamül,389,4.7
98422725,Herby,Bitki Çayı 3'lü Diyete,"259,90 TL",Gıda ve İçecek,"Destek Form Paketi (Detox Tea, Skinny Tea, Fit Tea)",308,4.7
79346655,Kahve Dünyası,Lavi Karışık,232 TL,Gıda ve İçecek,Dolgulu Çikolata 500g,7141,4.8
834407718,muros's coffee roastery,,595 TL,Gıda ve İçecek,Espresso No:3 Orıgınal 1 Kg,1,5.0
117120996,Chado,Spearmınt Tea,240 TL,Gıda ve İçecek,,878,4.5
332521747,BEYORGANİK,Organik Bey Öz Ve,361 TL,Gıda ve İçecek,Bey Tonik 2'li Kış Kiti,7173,4.6
3510300,Nescafe,Gold Yumuşak Içim 200,"164,68 TL",Gıda ve İçecek,gr,697,4.7
742686203,STAYFİT,90 Günlük Bromelain,799 TL,Gıda ve İçecek,Ekstreli Detox Tea 560 gr,23,4.6
816065291,FreshBelle,Kilo Vermeye,317 TL,Gıda ve İçecek,Yardımcı Zayıflama1 Detoks Çayı 3 Kutu 45 Günlük Kullanım,516,5.0
151430407,Anisah Coffee,Aromalı Filtre,"399,90 TL",Gıda ve İçecek,Kahve Set 3 X 250 Gram Fındık Vaniya Karamel,461,4.5
796175165,Zühre Ana,Alıç Sirkesi Doğal,218 TL,Gıda ve İçecek,Fermantasyon Hawthorn Vinegar 500 Ml,393,4.8
708185180,Proori,Organik Yıllanmış Elma,219 TL,Gıda ve İçecek,Sirkesi Içilebilir Doğal Fermantasyon 500 ml 2'li Detox Paket (1000 ML),381,4.7
312703723,FİTGREEN,Detox Çayı 1 Kutu,132 TL,Gıda ve İçecek,Zayıflama Kilo Vermeye Yardımcı,1191,4.8
121205230,TEA CO,La Isla Bonıta -,"207,47 TL",Gıda ve İçecek,Gojiberryli Yeşil Çay Müslin Çay Poşeti,169,4.7
131729074,Wefood,Badem Sütü Konsantresi,"238,88 TL",Gıda ve İçecek,"(Şekersiz, %100 Badem) 240 gr",1436,4.6
38807487,Anisah Coffee,Türk Kahvesi,"119,90 TL",Gıda ve İçecek,100 gr 3'lü paket,177,4.6
3674878,Kahve Dünyası,Espresso,"435,03 TL",Gıda ve İçecek,Çekirdek 1 kg,1826,4.7
680327917,DELAPAU,Türk Kahvesi Premium,185 TL,Gıda ve İçecek,Taze Öğütülmüş Bol Köpüklü Özel Silindir Kutu 250 gr,121,4.5
311004287,Elvan,Fondante Caramel Toffee,"56,57 TL",Gıda ve İçecek,200 Gr. (1 Adet),4134,4.6
802023528,GiggleLand,Meyve Barı -,"154,90 TL",Gıda ve İçecek,Tanışma Paketi 7 adet x 20 g.,67,4.8
79488904,Elvan,Nuss Cubes Fındıklı 7,"76,20 TL",Gıda ve İçecek,Gr. 48 Adet (1 KUTU),7740,4.3
695630162,FOLLOW REKLAM,Echer Form,600 TL,Gıda ve İçecek,Kahve Orjinal- ( Kahverengi Şase 30’lu),7,4.6
42457592,Matcha Premium Japanese,,215 TL,Gıda ve İçecek,Premium Japanese Toz Çilek Aromalı Çayı 20 X 10 G Premium Şase Orijinal Tozu,287,4.3
154805609,Soul Kitchen Organik Ürünler,,"159,50 TL",Gıda ve İçecek,Organik Bebek Üzüm Pekmezi 380gr (SOĞUK SIKIM) (ŞEKER İLAVESİZ),725,4.8
787674640,FoodNut,%100 Şekersiz Sporcu,185 TL,Gıda ve İçecek,Dostu Fıstık Ezmesi 1 Kg Şekersiz Yer Fıstığı Ezmesi Proteini Yüksek.,289,4.7
774649420,KARNA LİFE,Alıç Sirkesi -,198 TL,Gıda ve İçecek,Doğal Fermantasyon 500 ml,8,5.0
801209450,Züber,Fındık Kreması + %100,"349,90 TL",Gıda ve İçecek,Fıstık Ezmesi,412,4.8
315799710,Meri Detox,Meri Detoks Kapsül,400 TL,Gıda ve İçecek,Aylık Kullanım Detox Kapsül,9,5.0
111619981,Moliendo,Breakfast Blend,182 TL,Gıda ve İçecek,Filtre Kahve (ÖĞÜTÜLMÜŞ FİLTRE KAHVE) 250 G,907,4.8
286191708,Herby,Detox Tea Kayısılı,"89,90 TL",Gıda ve İçecek,Diyete Destek Detoks Bitki Çayı,223,4.8
784189749,TuNa Chocolate,Tuna Çikolata,"199,99 TL",Gıda ve İçecek,Altın Sargılı Sütlü Madlen 72 Adet Ikramlık Çikolata,346,4.4
452474297,Lotus,Bıscoff Sürülebilir,"159,90 TL",Gıda ve İçecek,Spread Crunchy 380 Gr.,7,5.0
345725760,PLANTERO,3'lü Badem Sütü Bazı,740 TL,Gıda ve İçecek,"Konsantre Bitkisel Süt (250GR, %100 BADEM, ŞEKERSİZ)",90,4.8
803715248,Tuğba Kuruyemiş,PARÇACIKLI,263 TL,Gıda ve İçecek,ANTEP FISTIĞI EZMESİ 250 GR,208,4.4
807287538,keyifçe,Antep Fıstık ezmesi,"16,90 TL",Gıda ve İçecek,(25gr),55,4.6
634656233,Organik Teyze,Sevinç Teyze,"249,99 TL",Gıda ve İçecek,"Doğal Fermantasyon Ananas Sirkesi, Pineapple Vinegar 500 Ml.",171,4.9
260176791,Mim and More,Vanilla Matcha -,"106,81 TL",Gıda ve İçecek,Vanilyalı Matcha 25 gr,867,4.7
820513171,FROPİE,Yer Fıstığı Ezmesi -,"297,33 TL",Gıda ve İçecek,100% Yer Fıstığı 315 gr x 2 Adet,0,
670996326,BEYORGANİK,Organik Bey Tonik,"543,20 TL",Gıda ve İçecek,/ Bey Mor Mix / Bey Öz Mix Grubu 3*lü,327,4.7
830073517,IRON COFFEE,GENEL MERKEZ IRON,580 TL,Gıda ve İçecek,COFFE,2,
86974834,Hayfene,Kahvaltılık Zahter,"112,10 TL",Gıda ve İçecek,Türkiye 140 G,256,4.7
382043726,my fit,Myfit Coffee Kahvesi,450 TL,Gıda ve İçecek,,235,4.3
34572767,Wefood,Organik Keçiboynuzu,73 TL,Gıda ve İçecek,Unu 250 gr,1321,4.8
98905706,Tuğba Kuruyemiş,Mirvari,"111,50 TL",Gıda ve İçecek,Kahvesi 220 Gr,10127,4.8
816606942,Caffe Del Bello,Nikaragua,400 TL,Gıda ve İçecek,Filtre Kahve 1 Kg (Çekirdek veya Öğütülmüş),3,5.0
461196830,zadelife,Kızılcık Özü 700 gr,204 TL,Gıda ve İçecek,,950,4.8
834595214,Asil,AsilCoffee Türk Kahvesi,599 TL,Gıda ve İçecek,1 Kg,0,
34072832,Callei,Sütlü Şişe Waffle,"179,99 TL",Gıda ve İçecek,Çikolatası 1000gr,536,4.6
38924137,Kalaycıoğlu,Harnup,150 TL,Gıda ve İçecek,Keçiboynuzu Pekmezi 950 gr,219,4.7
759260827,Zühre Ana,Keçiboynuzu Özü 350,"189,90 TL",Gıda ve İçecek,Gr,3184,4.7
828680391,Bahar Kids,Kilo-aldırıcı,"279,17 TL",Gıda ve İçecek,Iştah Açıcı Protein Besin Destekleyici Muz Ve Kakao Aromalı Kilo Aldıran,42,5.0
826600272,FARMANOW,Moringaforte,540 TL,Gıda ve İçecek,Prebiyotik Toz Karışım 2 kutu,130,5.0
247954686,Organik Teyze,Sevinç Teyze,"99,99 TL",Gıda ve İçecek,"Ayvadana, Civan Perçemi, Kandil Çiçeği, Achillea, Millefolium 30g",106,4.9
694961344,Narcissa,2 Adet - Aserola,689 TL,Gıda ve İçecek,Ekstresi Içeren Karışık Bitki Tozu,3964,4.2
634657618,Organik Teyze,Sevinç Teyze,"259,99 TL",Gıda ve İçecek,"Doğal Fermantasyon Enginar Sirkesi, Artichoke Vinegar 500 Ml.",207,4.8
108532326,GLUTENSİZ FABRİKA,Karabuğday,"75,19 TL",Gıda ve İçecek,Patlağı (2 PAKET) 176 gr Sağlıklı Atıştırmalık Şekersiz Tuzsuz Katkısız Ve Doğal,1981,4.7
330158761,PLANTERO,Badem Sütü Bazı,310 TL,Gıda ve İçecek,"Konsantre Bitkisel Süt (250GR, %100 BADEM, ŞEKERSİZ)",221,4.7
332019401,BEYORGANİK,Organik Bey Öz,210 TL,Gıda ve İçecek,Miks 260gr,2550,4.7
830694397,Nutriful,İbni Sina,559 TL,Gıda ve İçecek,Sirkengebin Prebiyotik Detox Sirkesi 3'LÜ FIRSAT PAKETİ,5,
154812530,Soul Kitchen Organik Ürünler,,"157,50 TL",Gıda ve İçecek,Organik Bebek Dut Özü 315gr (SOĞUK SIKIM) (ŞEKER İLAVESİZ),176,4.8
749819268,Moliendo,Caffè Crema (,"484,03 TL",Gıda ve İçecek,Çekirdek Kahve ) 1000 G.,351,4.7
732699326,Muwest Naturel,Kilo Vermeye,288 TL,Gıda ve İçecek,Yardımcı Detoks çayı detox Tea,622,
736377736,Elvan,Madlen Special 160 Gr.,"57,99 TL",Gıda ve İçecek,(1 KUTU),632,
154812506,Soul Kitchen Organik Ürünler,,"141,50 TL",Gıda ve İçecek,Organik Tam Yulaf Unu 500gr,247,4.8
811167837,Sehine,"Detox Hindiba Kahvesi,",219 TL,Gıda ve İçecek,"Zayıflama, Kilo Vermeye Yardımcı, Diyet Form Kahve (60 KULLANIM) 150gr",222,5.0
174835052,FIORELLA,La Truffa Bitter 200,"73,33 TL",Gıda ve İçecek,Gr. (1 Paket),5135,4.6
781973204,Morizer,Macha'lı Bitkisel Çay,400 TL,Gıda ve İçecek,300 gr. 45 Günlük- Karışık Bitki Tozu,22,5.0
161535739,Elvan,Lady Bird 8 Gr. 100 Lü,"168,19 TL",Gıda ve İçecek,(1 Kutu),5031,4.6
32969076,Wefood,Fındık Unu 250 gr,216 TL,Gıda ve İçecek,,175,4.7
743586474,Kinder,Joy Harry Potter,"113,25 TL",Gıda ve İçecek,Limited Edition 20 g,195,4.1
810064425,Harar,Hindiba Kahvesi,324 TL,Gıda ve İçecek,Kolajenli Detox Zayıflama Kilo Verme Diyet Kahve 1 Aylık - (60 KULLANİM) 150gr,204,4.8
3674864,Kahve Dünyası,Orta Kavrulmuş,108 TL,Gıda ve İçecek,Türk Kahvesi 100 gr 3'lü Paket,2601,4.7
67674349,QUOKA,Glutensiz Şekersiz,"124,90 TL",Gıda ve İçecek,Karabuğday Unundan Vegan Tahinli Kurabiye 1 Paket X 80gr,28,4.7
788718507,KONAK,HANIMEFENDİ Antep,159 TL,Gıda ve İçecek,Fıstık Parçacıklı & Dolgulu Sütlü Çikolata 300 Gr,464,4.8
157946914,Soul Kitchen Organik Ürünler,,"163,50 TL",Gıda ve İçecek,Organik Elma Suyu Konsantresi 300gr,76,4.6
124034180,Tiryaki Şifa Bahçesi,Prs,300 TL,Gıda ve İçecek,Ballı Karışık Bitkisel Macun 420 gr,57,4.1
736069016,KONAK,Hanımefendi Fındık,389 TL,Gıda ve İçecek,Parçacıklı & Dolgulu Sütlü Çikolata 1000 gr,270,4.9
816963501,Vitaljoy,Protein Pankek &,289 TL,Gıda ve İçecek,"Waffle Karışımı (300 G) - 5 Porsiyon, Her Porsiyon 25g Protein, %100 Tam Tahıl",29,5.0
686770211,H&K Beauty,Kilo Aldırıcı,285 TL,Gıda ve İçecek,Iştah Açıcı (çikolata Aromalı Toz ),1608,4.7
194140633,Genel Markalar,Heynut,160 TL,Gıda ve İçecek,Parçacıklı Fıstık Ezmesi 700g,252,4.7
